,Fuel,Driven,Automatic,Owner,Location,Price,Brand,Years
0,Petrol,80631.0,Manual,1,HR,981699,Hyundai,3
1,Petrol,12981.0,Manual,2,HR,1155299,KIA,2
2,Petrol,22388.0,Manual,1,DL,279799,Renault,6
3,Petrol,36806.0,Automatic,1,UP,2133299,Mercedes,8
4,Petrol,21784.0,Automatic,2,HR,1429999,KIA,2
5,Petrol,20330.0,Manual,1,DL,524799,Maruti,4
6,Petrol,54723.0,Manual,1,DL,266099,Maruti,11
7,Petrol,47547.0,Manual,1,DL,190999,Hyundai,11
8,Diesel,28289.0,Automatic,2,DL,1645899,Jaguar,9
9,Petrol,40369.0,Manual,1,UP,242399,Maruti,9
10,Petrol,44319.0,Manual,1,UP,204199,Hyundai,13
11,Petrol,23277.0,Manual,1,DL,221199,Maruti,11
12,Petrol,32251.0,Manual,1,UP,560399,Maruti,3
13,Diesel,46400.0,Manual,1,HR,2019999,Jeep,3
14,Petrol,21490.0,Manual,1,UP,821399,Hyundai,1
15,Petrol,2775.0,Manual,1,UP,1837899,MG,2
16,Petrol,22505.0,Manual,2,HR,322499,Renault,4
17,Petrol,22638.0,Manual,2,DL,617899,Hyundai,3
18,Petrol,28843.0,Automatic,1,DL,353399,Hyundai,9
19,Diesel,63433.0,Manual,1,DL,275299,Nissan,8
20,Petrol,45246.0,Manual,1,DL,664499,Honda,6
21,Petrol,12511.0,Manual,1,DL,340499,Hyundai,8
22,Petrol,6344.0,Automatic,1,DL,821699,Renault,1
23,Diesel,2213.0,Manual,1,DL,1213499,Hyundai,1
24,Petrol,9370.0,Manual,1,UP,1213599,Maruti,1
25,Petrol,11399.0,Manual,1,UP,783699,Skoda,2
26,Petrol,48915.0,Manual,2,DL,244099,Maruti,12
27,Petrol,51105.0,Automatic,1,DL,711899,Honda,8
28,Diesel,90086.0,Automatic,2,HR,1577799,Toyota,7
29,Petrol,66782.0,Manual,2,DL,288599,Hyundai,11
30,Petrol,42422.0,Manual,2,DL,270399,Hyundai,12
31,Petrol,13223.0,Manual,2,DL,592299,Hyundai,2
32,Petrol,34566.0,Manual,1,DL,423899,Honda,12
33,Diesel,42881.0,Automatic,2,DL,1455599,Mercedes,9
34,Petrol,54517.0,Manual,1,DL,649499,Honda,8
35,Petrol,11828.0,Manual,1,HR,925899,Toyota,1
36,Petrol,29645.0,Manual,1,HR,990499,Hyundai,1
37,Petrol,4555.0,Automatic,1,DL,386699,Datsun,4
38,Petrol,7760.0,Automatic,1,UP,556499,Renault,1
39,Petrol,26475.0,Manual,1,DL,235499,Maruti,11
40,Petrol,60774.0,Manual,1,DL,298999,Hyundai,12
41,Petrol,20830.0,Manual,2,DL,318799,Renault,4
42,Petrol,5287.0,Manual,1,DL,910199,Maruti,1
43,Petrol,6962.0,Manual,1,UP,500199,Renault,1
44,Petrol,7212.0,Manual,1,HR,1310699,Honda,2
45,Petrol,2572.0,Manual,1,HR,913999,Renault,1
46,Diesel,29974.0,Manual,1,DL,306299,Hyundai,9
47,Petrol,73937.0,Automatic,1,DL,1268899,Honda,7
48,Petrol,4536.0,Manual,1,HR,1184499,Maruti,1
49,Petrol,30697.0,Manual,3,DL,522799,Hyundai,5
50,Petrol,12855.0,Automatic,1,DL,622699,Hyundai,5
51,Petrol,8717.0,Automatic,1,DL,1812799,MG,3
52,Petrol,40193.0,Manual,1,HR,917099,Hyundai,3
53,Petrol,45277.0,Manual,1,HR,428999,Hyundai,6
54,Petrol,6568.0,Automatic,1,DL,710599,Tata,1
55,Diesel,18191.0,Automatic,1,DL,1104299,Maruti,2
56,Diesel,82295.0,Manual,1,HR,964299,Toyota,8
57,Petrol,23733.0,Manual,2,DL,612599,Honda,4
58,Petrol,9835.0,Manual,1,DL,388399,Mahindra,5
59,Petrol,3120.0,Automatic,1,HR,1802499,Mahindra,1
60,Petrol,51000.0,Manual,1,TN,690000,Maruti,1
61,Diesel,74253.0,Manual,2,DL,475000,Renault,7
62,Petrol,36213.0,Manual,2,MH,400000,Maruti,7
63,Diesel,70000.0,Manual,2,RJ,200000,Ford,9
64,Diesel,135000.0,Manual,4,KR,260000,Maruti,13
65,Diesel,75000.0,Manual,3,KE,480000,Maruti,9
66,Petrol,120000.0,Manual,3,CH,80000,Maruti,13
67,Petrol,50000.0,Automatic,3,TN,65000,Maruti,20
68,Diesel,87000.0,Manual,2,HR,320000,Maruti,9
69,Petrol,51000.0,Automatic,1,OD,800000,Maruti,5
70,Diesel,78000.0,Manual,3,DL,749000,Mahindra,7
71,Diesel,62000.0,Manual,1,MP,160000,Mahindra,11
72,Diesel,64000.0,Manual,1,JK,700000,Hyundai,4
73,ELECTRIC,195000.0,Automatic,2,KE,1525000,Mercedes,7
74,Diesel,198000.0,Manual,4,KE,415000,Toyota,13
75,Diesel,81000.0,Automatic,1,KE,485000,Maruti,4
76,Petrol,15000.0,Manual,1,AS,410000,Maruti,4
77,Petrol,26000.0,Manual,1,AS,640000,Maruti,2
78,Diesel,80500.0,Manual,2,KE,1325000,Toyota,7
79,Petrol,23000.0,Automatic,1,MH,411000,Maruti,8
80,Petrol,60000.0,Manual,2,BI,385000,Hyundai,10
81,Petrol,18000.0,Automatic,2,UP,710000,Maruti,1
82,Diesel,160000.0,Manual,1,TN,1270000,Toyota,9
83,Diesel,120000.0,Automatic,2,HY,220000,Maruti,15
84,Diesel,37000.0,Manual,1,UP,810000,Honda,5
85,Diesel,260000.0,Manual,1,TN,825000,Toyota,9
86,Petrol,27000.0,Manual,1,TN,420000,Renault,3
87,Petrol,75000.0,Manual,1,KE,570000,Honda,5
88,Diesel,59000.0,Manual,2,TN,679000,Renault,6
89,Diesel,61000.0,Automatic,2,GU,460000,Hyundai,11
90,Diesel,63200.0,Manual,1,HY,765000,Mahindra,7
91,Diesel,110000.0,Automatic,2,KE,2280000,Toyota,4
92,Diesel,65000.0,Manual,1,GU,521000,Maruti,5
93,Diesel,85800.0,Manual,1,TN,451000,Honda,8
94,Diesel,70000.0,Manual,2,RJ,445000,Nissan,7
95,CNG & HYBRIDS,0.0,Manual,2,MH,240000,Honda,14
96,Petrol,65398.0,Automatic,1,PJ,175000,Honda,15
97,Petrol,44000.0,Manual,1,GU,350000,Hyundai,9
98,Diesel,88000.0,Automatic,1,GU,2600000,Audi,4
99,Petrol,36000.0,Manual,1,MH,299000,Honda,10
100,Petrol,63000.0,Manual,2,MH,263000,Maruti,9
101,Petrol,90000.0,Manual,2,MH,75000,Hyundai,16
102,Diesel,120000.0,Automatic,1,PJ,165000,Nissan,11
103,Diesel,57000.0,Manual,1,GU,925000,Maruti,5
104,Petrol,35000.0,Manual,1,GU,680000,Maruti,2
105,Petrol,92000.0,Manual,2,UP,195000,Honda,14
106,Petrol,83000.0,Manual,4,KR,93000,Maruti,18
107,Petrol,118000.0,Manual,2,AP,110000,Maruti,14
108,Petrol,28000.0,Manual,1,AP,285000,Renault,4
109,Diesel,58000.0,Manual,2,KE,1400000,Jeep,5
110,Petrol,707105.0,Manual,4,UK,140000,Hyundai,12
111,Petrol,90000.0,Manual,3,UP,180000,Maruti,11
112,Petrol,4000.0,Manual,1,DL,1220000,Honda,1
113,Petrol,63000.0,Manual,1,DL,325000,Renault,5
114,Diesel,75000.0,Manual,1,DL,890000,Mahindra,2
115,Petrol,140000.0,Manual,4,TN,270000,Maruti,14
116,Diesel,20614.0,Manual,1,HY,840000,Mahindra,5
117,Diesel,142058.0,Manual,2,MH,535000,Mahindra,8
118,Diesel,50000.0,Manual,1,TN,1500000,Jeep,4
119,Diesel,160000.0,Manual,3,TN,450000,Toyota,15
120,CNG,120000.0,Automatic,4,PJ,130000,Hyundai,14
121,CNG & HYBRIDS,113346.0,Manual,2,UP,150000,Hyundai,12
122,Diesel,100000.0,Manual,2,UP,45000,San,8
123,Diesel,113000.0,Manual,2,AP,200000,Fiat,11
124,Petrol,34000.0,Manual,1,DL,675000,Tata,4
125,Diesel,261000.0,Manual,2,TN,650000,Toyota,12
126,Diesel,67000.0,Automatic,1,DL,575000,Mahindra,6
127,Diesel,68000.0,Manual,1,GU,785000,Force,4
128,Diesel,98315.0,Manual,3,PJ,250000,Maruti,14
129,Diesel,10000.0,Automatic,2,KE,35000,Tata,19
130,Diesel,65000.0,Manual,2,MP,265000,Maruti,8
131,Petrol,3000.0,Manual,1,UK,500000,Maruti,3
132,Diesel,105000.0,Manual,1,PJ,161000,Maruti,11
133,Diesel,47000.0,Automatic,2,GU,790000,Mahindra,8
134,Diesel,93000.0,Manual,2,KR,895000,Toyota,8
135,Diesel,90000.0,Manual,2,AP,280000,Ford,9
136,Diesel,90000.0,Automatic,2,DL,1125000,Toyota,9
137,Petrol,98800.0,Manual,2,KE,240000,Maruti,12
138,Diesel,77000.0,Manual,1,UP,510000,Mahindra,5
139,Diesel,72000.0,Manual,1,DL,399000,Toyota,7
140,Petrol,80000.0,Manual,2,HR,300000,Hyundai,6
141,Diesel,37000.0,Automatic,1,DL,500000,Mahindra,9
142,LPG,114000.0,Manual,3,TN,145000,Maruti,15
143,Petrol,3450.0,Manual,1,KE,575000,Maruti,1
144,Petrol,45548.0,Automatic,2,WB,310000,Maruti,10
145,Petrol,24000.0,Manual,1,KE,119000,Maruti,14
146,Petrol,42056.0,Manual,0,MH,65000,Maruti,18
147,Petrol,29000.0,Manual,1,MP,285000,Maruti,5
148,Diesel,151734.0,Manual,4,TN,590000,Maruti,9
149,Diesel,143000.0,Automatic,2,DL,1250000,Toyota,8
150,Diesel,37000.0,Manual,1,TN,560000,Renault,10
151,Petrol,31000.0,Manual,1,TN,525000,Hyundai,7
152,CNG & HYBRIDS,68000.0,Manual,1,PJ,650000,Toyota,6
153,CNG,90000.0,Manual,4,DL,150000,Hyundai,11
154,Diesel,140000.0,Manual,3,KR,400000,Mahindra,8
155,Diesel,20000.0,Automatic,1,DL,1475000,Hyundai,3
156,Petrol,98000.0,Manual,2,KE,87500,Chevrolet,13
157,Petrol,80000.0,Manual,3,MA,90000,Maruti,17
158,Diesel,130000.0,Manual,3,KE,270000,Mahindra,13
159,Diesel,7500.0,Manual,1,HY,2050000,MG,3
160,Petrol,44000.0,Manual,1,TN,589000,Hyundai,4
161,Petrol,76000.0,Automatic,2,KE,658000,Maruti,6
162,CNG & HYBRIDS,90480.0,Manual,2,MH,451000,Honda,10
163,Diesel,125000.0,Manual,2,KE,460000,Toyota,6
164,Diesel,76000.0,Manual,1,UP,285000,Mahindra,12
165,Petrol,35000.0,Manual,1,BI,50000,Maruti,21
166,Petrol,50000.0,Manual,2,KE,178000,Maruti,10
167,Diesel,130000.0,Manual,2,RJ,130000,Chevrolet,11
168,Petrol,71626.0,Automatic,1,UP,414000,Maruti,6
169,Petrol,20000.0,Automatic,2,KE,9500000,Porsche,4
170,Diesel,90000.0,Manual,1,DL,350000,Mahindra,10
171,Diesel,120000.0,Manual,2,RJ,450000,Mahindra,11
172,Diesel,55000.0,Manual,1,GU,890000,Honda,4
173,Petrol,98000.0,Manual,1,KE,595000,Volkswagen,4
174,Petrol,125000.0,Automatic,4,KE,315000,Toyota,14
175,Petrol,130000.0,Automatic,1,KE,695000,Volkswagen,5
176,Diesel,134000.0,Manual,2,MH,325000,Volkswagen,10
177,Diesel,235000.0,Manual,2,TN,1075000,Toyota,9
178,Petrol,35000.0,Automatic,1,PJ,315000,Maruti,9
179,Diesel,85000.0,Automatic,1,PJ,1299000,Mercedes,8
180,Petrol,40000.0,Manual,1,PJ,305000,Hyundai,9
181,Petrol,55000.0,Manual,2,KE,245000,Nissan,7
182,Petrol,35000.0,Manual,1,AS,685000,Maruti,3
183,Petrol,30000.0,Manual,1,AS,675000,Maruti,3
184,Diesel,65000.0,Manual,2,KE,649000,Volkswagen,4
185,Diesel,81200.0,Manual,2,RJ,600000,Mahindra,10
186,CNG & HYBRIDS,70000.0,Manual,2,MH,321000,Hyundai,9
187,Diesel,30000.0,Automatic,1,UP,320000,Tata,3
188,Petrol,90000.0,Manual,3,KR,375000,Toyota,13
189,CNG & HYBRIDS,24000.0,Manual,1,DL,465000,Maruti,3
190,Diesel,42000.0,Manual,1,OD,450000,Hyundai,4
191,Diesel,48000.0,Automatic,1,DL,1399000,Jaguar,9
192,Petrol,83000.0,Manual,1,HR,190000,Maruti,12
193,Petrol,50000.0,Manual,2,KE,178000,Maruti,10
194,Diesel,19000.0,Manual,1,HR,850000,Hyundai,10
195,Petrol,75000.0,Manual,0,MP,95000,Maruti,8
196,CNG & HYBRIDS,80000.0,Manual,2,HR,150000,Hyundai,11
197,Petrol,80000.0,Manual,0,AP,77000,Maruti,20
198,Diesel,100000.0,Manual,2,TN,275000,Renault,9
199,Petrol,111200.0,Manual,2,MH,299000,Volkswagen,11
200,Petrol,50000.0,Manual,2,KE,178000,Maruti,10
201,Diesel,118000.0,Manual,1,AP,1800000,Toyota,3
202,Petrol,25055.0,Manual,1,UP,643275,Maruti,2
203,Diesel,58000.0,Automatic,1,DL,625000,Mahindra,6
204,Petrol,25000.0,Automatic,1,MH,425000,Maruti,6
205,Petrol,90000.0,Manual,1,HY,110000,Honda,18
206,Diesel,50000.0,Automatic,1,DL,1475000,Mahindra,4
207,Petrol,39000.0,Manual,3,MP,180000,Chevrolet,12
208,Petrol,93000.0,Manual,2,RJ,390000,Hyundai,9
209,Diesel,240000.0,Manual,2,AP,520000,Force,9
210,Diesel,100000.0,Manual,2,AP,350000,Hyundai,6
211,Diesel,80000.0,Manual,1,JH,420000,Mahindra,8
212,Petrol,50000.0,Manual,2,KE,178000,Maruti,10
213,Diesel,72000.0,Manual,1,PJ,490000,Honda,8
214,Diesel,22000.0,Automatic,1,UP,2260000,Tata,1
215,Petrol,30500.0,Manual,2,KR,550000,Ford,3
216,Diesel,70000.0,Manual,3,PJ,190000,Ford,16
217,Diesel,78000.0,Automatic,2,DL,1499000,Audi,5
218,Petrol,45630.0,Automatic,2,KE,775000,Volkswagen,6
219,Petrol,60000.0,Automatic,2,RJ,150000,Maruti,9
220,Diesel,150000.0,Manual,2,TE,75000,Tata,11
221,Diesel,80000.0,Manual,1,DL,1525000,Toyota,7
222,Diesel,95000.0,Manual,1,PJ,640000,Hyundai,5
223,Diesel,83025.0,Manual,2,MH,345000,Hyundai,11
224,CNG,180000.0,Manual,1,MH,320000,Maruti,4
225,Diesel,50000.0,Manual,1,UP,435000,Maruti,6
226,Petrol,5500.0,Automatic,1,HR,1200000,Hyundai,3
227,Diesel,100000.0,Manual,3,KR,385000,Mahindra,12
228,Petrol,23214.0,Manual,1,AS,215000,Hyundai,10
229,CNG & HYBRIDS,85000.0,Manual,4,HR,340000,Honda,6
230,Diesel,82000.0,Manual,2,TN,405000,Mahindra,12
231,CNG & HYBRIDS,64000.0,Manual,2,GU,111000,Chevrolet,11
232,Petrol,79000.0,Automatic,3,UP,160000,Hyundai,10
233,Diesel,165000.0,Manual,1,KE,400000,Maruti,10
234,Petrol,45000.0,Manual,2,BI,260000,Maruti,10
235,CNG & HYBRIDS,92000.0,Manual,3,UP,180000,Maruti,9
236,Diesel,91000.0,Manual,2,PJ,185000,Maruti,13
237,Diesel,180000.0,Manual,1,KE,370000,Hyundai,10
238,CNG & HYBRIDS,40000.0,Automatic,2,UP,50000,Maruti,24
239,Diesel,77000.0,Manual,1,KE,700000,Volkswagen,7
240,Diesel,47000.0,Manual,2,WB,365000,Hyundai,6
241,Petrol,28108.0,Manual,2,MH,260000,Maruti,11
242,Petrol,60000.0,Manual,1,DL,220000,Volkswagen,12
243,Petrol,140000.0,Automatic,4,KR,370000,Honda,12
244,Diesel,90000.0,Automatic,1,WB,350000,Tata,11
245,CNG & HYBRIDS,41251.0,Automatic,2,DL,175000,Maruti,4
246,CNG & HYBRIDS,70000.0,Automatic,2,UP,90000,Maruti,9
247,Petrol,83545.0,Automatic,3,TN,300000,Honda,15
248,Petrol,70000.0,Manual,0,OD,40000,Maruti,19
249,CNG & HYBRIDS,149000.0,Manual,1,HR,65000,Maruti,14
250,Petrol,78523.0,Manual,1,AP,65999,Hyundai,11
251,Diesel,82000.0,Manual,2,TN,405000,Mahindra,12
252,Diesel,230000.0,Manual,1,UP,150000,Chevrolet,8
253,Diesel,125000.0,Manual,2,AP,79999,Tata,10
254,Petrol,117000.0,Manual,1,TN,178000,Maruti,18
255,Petrol,25183.0,Manual,1,KE,580000,Maruti,2
256,Petrol,20000.0,Manual,1,MH,911000,Hyundai,4
257,Petrol,55600.0,Manual,2,KR,249000,Tata,10
258,Diesel,160000.0,Manual,1,WB,400000,Maruti,4
259,CNG,120000.0,Manual,2,MH,90000,Honda,17
260,Diesel,99000.0,Automatic,1,KE,2275000,Mercedes,6
261,Petrol,13500.0,Manual,1,TN,825000,Toyota,3
262,Diesel,115000.0,Manual,1,KE,335000,Nissan,6
263,Diesel,135000.0,Manual,2,RJ,1421000,Toyota,9
264,Petrol,44500.0,Manual,1,DL,365000,Honda,6
265,Diesel,145000.0,Automatic,1,KE,1700000,Audi,8
266,Diesel,58000.0,Automatic,1,DL,1200000,Audi,9
267,Diesel,85000.0,Automatic,1,DL,2590000,Ford,5
268,Diesel,48000.0,Manual,1,OD,670000,Mahindra,6
269,Petrol,2600.0,Manual,1,OD,375000,Maruti,7
270,Petrol,59000.0,Manual,1,GU,520000,Ford,7
271,CNG & HYBRIDS,63000.0,Manual,1,DL,335000,Maruti,6
272,Diesel,43000.0,Manual,1,MP,975000,Mahindra,1
273,Diesel,69000.0,Automatic,1,MH,899000,Hyundai,7
274,Petrol,37000.0,Manual,1,MH,845000,Honda,4
275,Diesel,175850.0,Manual,3,TN,239000,Toyota,18
276,Petrol,54000.0,Automatic,1,DL,425000,Hyundai,11
277,Diesel,10000.0,Manual,1,GU,451000,Jeep,0
278,Diesel,120000.0,Manual,2,TN,490000,Skoda,9
279,Diesel,100000.0,Manual,2,MH,240000,Ford,9
280,Diesel,88400.0,Manual,2,UK,230000,Ford,9
281,Petrol,72000.0,Automatic,1,TN,387000,Honda,11
282,Petrol,120000.0,Manual,2,AP,265000,Maruti,9
283,ELECTRIC,15.0,Manual,2,BI,20000,Tata,13
284,Diesel,108000.0,Manual,2,,360000,Hyundai,10
285,Petrol,80000.0,Manual,2,RJ,125000,Maruti,18
286,Petrol,0.0,Manual,1,HY,50192,Maruti,16
287,Petrol,72000.0,Automatic,1,TN,387000,Honda,11
288,Petrol,50000.0,Manual,2,PJ,75000,Chevrolet,14
289,Diesel,150000.0,Manual,4,MH,288000,Mahindra,11
290,Diesel,200000.0,Manual,3,BI,39999,Tata,15
291,Diesel,70000.0,Manual,1,MH,400000,Nissan,7
292,Diesel,59000.0,Manual,1,GU,450000,Honda,7
293,Diesel,10000.0,Manual,2,RJ,1600000,Mahindra,1
294,Diesel,120000.0,Automatic,1,DL,240000,Renault,9
295,CNG & HYBRIDS,100000.0,Manual,3,HR,298000,Volkswagen,10
296,Diesel,75000.0,Manual,1,DL,315000,Honda,9
297,Petrol,92000.0,Manual,2,KE,375000,Maruti,13
298,Petrol,90000.0,Manual,1,PJ,275000,Hyundai,12
299,CNG & HYBRIDS,76000.0,Manual,2,MP,490000,Hyundai,5
300,Diesel,136000.0,Manual,2,AP,230000,Tata,9
301,Diesel,55000.0,Automatic,1,DL,1051000,Mercedes,9
302,Diesel,86000.0,Manual,1,DL,1150000,Mahindra,5
303,Diesel,71000.0,Manual,2,DL,575000,Toyota,9
304,Diesel,25000.0,Manual,1,DL,775000,Maruti,5
305,Diesel,127346.0,Manual,2,KR,428000,Hyundai,10
306,Petrol,20000.0,Manual,1,GU,250000,Datsun,8
307,Diesel,98000.0,Automatic,1,MH,3300000,Mercedes,6
308,Petrol,5000.0,Automatic,1,MH,4900000,Bmw,2
309,Petrol,74000.0,Automatic,2,KR,555000,Honda,10
310,Petrol,55000.0,Manual,1,MH,264999,Hyundai,9
311,Diesel,82000.0,Automatic,1,KR,1525000,Hyundai,7
312,Petrol,70000.0,Automatic,3,TN,155000,Hyundai,16
313,Diesel,90000.0,Manual,2,MH,475000,Toyota,10
314,Petrol,31000.0,Automatic,3,DL,6350000,Hummer,11
315,Diesel,75000.0,Manual,2,BI,140000,Tata,14
316,Diesel,76000.0,Manual,1,UK,285000,Nissan,10
317,Diesel,74000.0,Manual,1,UK,245000,Chevrolet,9
318,Diesel,100000.0,Manual,1,UK,650000,Maruti,9
319,Petrol,72000.0,Automatic,1,TN,387000,Honda,11
320,CNG & HYBRIDS,185000.0,Manual,1,TI,170000,Maruti,8
321,Diesel,102000.0,Manual,2,PJ,102000,Tata,17
322,Diesel,80000.0,Manual,1,,460000,Tata,3
323,Diesel,82000.0,Manual,3,PJ,390000,Maruti,9
324,Petrol,50000.0,Manual,3,WB,285000,Hindustan,32
325,Diesel,61258.0,Manual,1,MH,669000,Ford,6
326,Petrol,90000.0,Manual,3,MH,125000,Maruti,15
327,Petrol,70000.0,Manual,2,UP,275000,Hyundai,10
328,CNG & HYBRIDS,94000.0,Manual,3,MH,300000,Maruti,8
329,Petrol,120822.0,Manual,4,TN,135000,Maruti,14
330,Petrol,3300.0,Automatic,1,TN,1725000,MG,0
331,CNG & HYBRIDS,71500.0,Manual,2,HR,310000,Maruti,6
332,Petrol,70000.0,Manual,1,PJ,60000,Maruti,17
333,Diesel,148000.0,Manual,2,KR,550000,Renault,9
334,Petrol,78444.0,Manual,2,DL,249777,Maruti,11
335,Petrol,78456.0,Automatic,1,,50000,Maruti,14
336,Diesel,125000.0,Automatic,1,BI,570000,Mahindra,3
337,Petrol,60000.0,Manual,3,MH,25000,Maruti,24
338,Diesel,70000.0,Manual,1,TN,750000,Maruti,4
339,Petrol,70000.0,Manual,0,OD,60000,Maruti,15
340,Diesel,130000.0,Manual,3,MP,300000,Hyundai,12
341,Petrol,58444.0,Manual,1,DL,85555,Maruti,14
342,Petrol,61900.0,Manual,3,WB,235000,Maruti,10
343,Diesel,60000.0,Manual,1,MH,600000,Nissan,7
344,Diesel,50000.0,Automatic,1,PJ,4200000,Bmw,3
345,CNG,120000.0,Manual,1,MH,480000,Maruti,4
346,Petrol,50000.0,Automatic,2,HY,650000,Maruti,7
347,Petrol,65739.0,Manual,2,TN,250000,Hyundai,13
348,Diesel,80000.0,Manual,2,RJ,350000,Mahindra,11
349,Diesel,72000.0,Manual,3,UP,260000,Maruti,7
350,Petrol,67000.0,Manual,3,KE,105000,Chevrolet,12
351,Diesel,80000.0,Manual,1,TN,375000,Mahindra,13
352,LPG,150000.0,Automatic,2,UP,110000,Maruti,17
353,Petrol,26000.0,Manual,1,AS,580000,Maruti,4
354,Diesel,115000.0,Manual,1,MH,251000,Force,10
355,Diesel,110000.0,Manual,1,TN,850000,Mahindra,4
356,Petrol,20000.0,Manual,1,OD,575000,Maruti,4
357,Petrol,65000.0,Manual,1,DL,300000,Honda,12
358,Diesel,78000.0,Manual,2,RJ,360000,Hyundai,7
359,Diesel,72000.0,Manual,1,DL,840000,Mahindra,6
360,Diesel,144255.0,Manual,2,TN,695000,Mahindra,9
361,Diesel,92000.0,Manual,1,TN,1950000,Toyota,4
362,Petrol,51000.0,Manual,1,TN,350000,Maruti,4
363,CNG,120000.0,Manual,1,MH,480000,Maruti,4
364,Diesel,30000.0,Manual,2,TE,350000,Toyota,14
365,CNG & HYBRIDS,85000.0,Automatic,4,GU,145000,Maruti,11
366,Diesel,70000.0,Manual,1,KE,700000,Toyota,5
367,Diesel,64000.0,Manual,1,UP,525000,Maruti,8
368,CNG & HYBRIDS,93450.0,Manual,2,UP,110000,Hyundai,14
369,Petrol,96000.0,Manual,2,JH,100000,Maruti,15
370,Petrol,39810.0,Manual,1,HY,65000,Maruti,8
371,Diesel,150000.0,Manual,1,AP,600000,Maruti,4
372,Petrol,59000.0,Manual,1,UP,35100,Maruti,13
373,Petrol,60000.0,Manual,2,,70000,Maruti,21
374,Petrol,70000.0,Manual,3,UK,75000,Maruti,22
375,Diesel,120000.0,Manual,3,KE,485000,Toyota,7
376,Petrol,60000.0,Manual,1,UK,70000,Hyundai,18
377,Diesel,50507.0,Manual,2,BI,875000,Mahindra,6
378,Diesel,55000.0,Automatic,1,MH,2375000,Bmw,5
379,Petrol,7900.0,Automatic,1,JH,1075000,Maruti,2
380,Diesel,69000.0,Automatic,1,TN,1300000,Tata,5
381,CNG,160000.0,Manual,4,DL,95000,Hyundai,14
382,Diesel,70000.0,Manual,1,WB,290000,Hyundai,4
383,Diesel,140000.0,Manual,2,KE,455000,Toyota,8
384,Diesel,100000.0,Manual,3,KE,140000,Mahindra,26
385,Petrol,111000.0,Manual,2,PJ,82000,Maruti,16
386,Petrol,64000.0,Manual,2,KR,350000,Maruti,8
387,Petrol,38000.0,Manual,1,UP,150000,Maruti,11
388,Petrol,69000.0,Automatic,2,JH,155000,Ford,10
389,CNG & HYBRIDS,13.0,Automatic,1,UP,155000,Toyota,16
390,Diesel,76000.0,Manual,0,KE,470000,Honda,5
391,Petrol,2000.0,Manual,1,MH,530000,Maruti,1
392,Diesel,115000.0,Automatic,1,TN,1500000,Bmw,12
393,Diesel,175000.0,Automatic,1,KR,1675000,Audi,10
394,Diesel,120375.0,Manual,2,TN,485000,Mahindra,14
395,Petrol,84060.0,Manual,1,KE,515000,Hyundai,7
396,Diesel,98000.0,Manual,1,GU,1800000,Toyota,4
397,Petrol,6500.0,Manual,1,KE,895000,Maruti,1
398,CNG,90000.0,Manual,1,MH,725000,Maruti,4
399,Petrol,70000.0,Manual,1,KR,100000,Hyundai,16
400,Diesel,122000.0,Manual,2,MH,775000,Toyota,12
401,Petrol,62000.0,Manual,2,TN,290000,Volkswagen,12
402,Diesel,53000.0,Automatic,2,MH,2048000,Mercedes,5
403,Petrol,62000.0,Manual,3,KE,305000,Maruti,9
404,Petrol,72000.0,Manual,1,UP,295000,Maruti,7
405,Petrol,90000.0,Manual,3,AP,35000,Maruti,17
406,Petrol,56000.0,Manual,1,DL,250000,Hyundai,10
407,CNG & HYBRIDS,28000.0,Automatic,1,MH,100000,Chevrolet,10
408,Diesel,128000.0,Manual,2,KE,565000,Honda,7
409,Diesel,96000.0,Manual,3,TN,139999,Mahindra,18
410,Diesel,83000.0,Manual,1,PJ,320000,Maruti,9
411,Diesel,55000.0,Manual,1,BI,625000,Toyota,10
412,Diesel,75000.0,Automatic,1,UP,119000,Maruti,11
413,Diesel,103000.0,Manual,1,KR,525000,Hyundai,9
414,Petrol,85000.0,Manual,1,DL,150000,Honda,14
415,Diesel,70000.0,Manual,2,UP,420000,Hyundai,4
416,Petrol,70000.0,Manual,3,PJ,145000,Maruti,15
417,Diesel,84000.0,Automatic,3,JH,531000,Maruti,7
418,Diesel,7000.0,Automatic,1,MH,1350000,Mahindra,1
419,CNG & HYBRIDS,62000.0,Manual,2,GU,525000,Maruti,4
420,Petrol,80000.0,Manual,2,KE,215000,Maruti,8
421,CNG & HYBRIDS,312000.0,Manual,2,GU,200000,Toyota,16
422,Diesel,130000.0,Manual,3,KE,175000,Ford,13
423,Diesel,120100.0,Manual,3,MH,195000,Mahindra,18
424,Petrol,165000.0,Manual,4,HR,180000,Maruti,15
425,Diesel,62031.0,Automatic,1,JH,115000,Mahindra,9
426,Diesel,53000.0,Manual,1,BI,725000,Toyota,8
427,Petrol,48000.0,Manual,1,TN,375000,Maruti,3
428,Petrol,70000.0,Manual,1,TN,275000,Hyundai,13
429,Petrol,20500.0,Automatic,1,UP,1093000,Hyundai,3
430,Diesel,78000.0,Automatic,1,GU,1375000,Volvo,8
431,Diesel,40000.0,Manual,2,DL,450000,Ford,9
432,CNG,40000.0,Manual,2,HY,40000,Maruti,18
433,Diesel,44000.0,Automatic,1,MH,1745000,KIA,3
434,Petrol,40000.0,Manual,1,KE,440000,Maruti,4
435,CNG & HYBRIDS,66000.0,Manual,2,DL,155000,Hyundai,13
436,Petrol,78000.0,Manual,3,DL,200000,Honda,13
437,Diesel,66000.0,Manual,2,DL,320000,Renault,9
438,Diesel,92000.0,Manual,3,PJ,410000,Renault,6
439,Diesel,150000.0,Automatic,1,JH,530000,Maruti,4
440,LPG,70000.0,Manual,2,RJ,140000,Maruti,11
441,Petrol,52000.0,Manual,2,HY,350000,Chevrolet,9
442,Diesel,100000.0,Manual,1,KE,750000,Mahindra,8
443,Petrol,50000.0,Manual,1,KE,240000,Renault,6
444,Diesel,270000.0,Manual,1,KE,1325000,Toyota,10
445,Petrol,132532.0,Automatic,1,,42000,Tata,11
446,Petrol,4000.0,Automatic,1,KE,510000,Maruti,2
447,Diesel,29000.0,Automatic,0,PJ,10900000,Mercedes,6
448,Diesel,60000.0,Manual,1,PJ,750000,Maruti,4
449,Petrol,76000.0,Automatic,2,KE,425000,Hyundai,8
450,Diesel,70000.0,Manual,2,KR,960000,Mahindra,8
451,Petrol,90000.0,Automatic,3,MH,250000,Honda,11
452,Diesel,124000.0,Manual,1,MH,320000,Mahindra,9
453,Diesel,115000.0,Manual,1,HR,205000,Tata,14
454,Diesel,110000.0,Automatic,2,PJ,1650000,Toyota,5
455,Diesel,135000.0,Automatic,1,UP,550000,Renault,6
456,CNG & HYBRIDS,55000.0,Manual,1,DL,325000,Maruti,7
457,Diesel,72000.0,Manual,1,GU,490000,Mahindra,10
458,CNG & HYBRIDS,61803.0,Manual,2,MH,349999,Ford,7
459,Diesel,77500.0,Automatic,3,PJ,420000,Hyundai,10
460,Petrol,82000.0,Manual,1,MH,195000,Maruti,14
461,CNG & HYBRIDS,100000.0,Manual,2,MH,319000,Maruti,9
462,CNG & HYBRIDS,52000.0,Manual,2,MH,385000,Maruti,7
463,Petrol,9899.0,Manual,1,MH,675000,Maruti,4
464,CNG & HYBRIDS,114000.0,Manual,2,MH,295000,Maruti,7
465,Petrol,38000.0,Manual,1,GU,293000,Maruti,5
466,Diesel,67000.0,Manual,1,DL,465000,Maruti,9
467,Petrol,30000.0,Automatic,2,UP,590000,Ford,7
468,Petrol,10000.0,Automatic,1,MH,4000000,Bmw,1
469,Petrol,14700.0,Automatic,1,KR,65000,Hyundai,11
470,Petrol,32000.0,Manual,1,TN,335000,Maruti,6
471,Petrol,114108.0,Manual,2,HY,490000,Honda,9
472,Diesel,34000.0,Manual,2,BI,425000,Volkswagen,6
473,Petrol,83000.0,Manual,4,RJ,100000,Maruti,15
474,Diesel,120000.0,Manual,2,PJ,350000,Maruti,10
475,Petrol,81000.0,Manual,2,AP,243000,Hyundai,11
476,Diesel,104750.0,Manual,2,TN,528000,Mahindra,13
477,Petrol,108750.0,Manual,2,TN,473000,Honda,12
478,Diesel,60000.0,Manual,1,MH,280000,Tata,11
479,Diesel,120000.0,Manual,2,TN,399000,Volkswagen,8
480,Diesel,49000.0,Manual,1,OD,200000,Hyundai,8
481,Diesel,12000.0,Automatic,1,KE,9500000,Mercedes,1
482,Diesel,39000.0,Automatic,1,DL,2475000,Jaguar,9
483,Petrol,70000.0,Manual,1,DL,190000,Maruti,13
484,Petrol,160000.0,Manual,2,MH,99999,Maruti,14
485,Diesel,70000.0,Manual,2,DL,340000,Maruti,7
486,Diesel,65000.0,Automatic,2,DL,2050000,Mercedes,7
487,Petrol,12000.0,Automatic,2,MH,399999,Honda,12
488,CNG & HYBRIDS,168000.0,Manual,2,MH,230000,Honda,13
489,Diesel,78000.0,Manual,1,PJ,325000,Volkswagen,9
490,Diesel,82000.0,Automatic,2,PJ,510000,Hyundai,9
491,Diesel,82000.0,Manual,3,PJ,325000,Hyundai,8
492,Petrol,62000.0,Manual,2,PJ,175000,Maruti,12
493,Petrol,70000.0,Manual,2,PJ,195000,Maruti,15
494,Petrol,76000.0,Manual,2,PJ,295000,Honda,13
495,CNG & HYBRIDS,90800.0,Manual,4,MH,150000,Maruti,14
496,Diesel,62500.0,Manual,1,MP,695000,Mahindra,4
497,Petrol,135280.0,Automatic,1,AP,56790,Maruti,9
498,CNG & HYBRIDS,67000.0,Manual,2,DL,295000,Maruti,7
499,Diesel,40000.0,Automatic,1,DL,1640000,Mahindra,3
